username, length of message
Ginfung, 1
Ginfung, 2
Ginfung, 2
Ginfung, 3
Ginfung, 4
Ginfung, 5
Ginfung, 6
Ginfung, 7
Ginfung, 8
Ginfung, 9
Ginfung, 9
Ginfung, 9
Ginfung, 10
Ginfung, 10
Ginfung, 10
Ginfung, 10
Ginfung, 11
Ginfung, 11
Ginfung, 11
Ginfung, 11
Ginfung, 12
Ginfung, 12
Ginfung, 12
Ginfung, 12
Ginfung, 12
Ginfung, 12
Ginfung, 12
Ginfung, 12
Ginfung, 13
Ginfung, 13
Ginfung, 13
Ginfung, 13
Ginfung, 14
Ginfung, 14
Ginfung, 14
Ginfung, 14
Ginfung, 14
Ginfung, 14
Ginfung, 14
Ginfung, 14
Ginfung, 15
Ginfung, 15
Ginfung, 15
Ginfung, 15
Ginfung, 15
Ginfung, 16
Ginfung, 16
Ginfung, 16
Ginfung, 16
Ginfung, 16
Ginfung, 17
Ginfung, 17
Ginfung, 17
Ginfung, 17
Ginfung, 17
Ginfung, 18
Ginfung, 18
Ginfung, 18
Ginfung, 18
Ginfung, 20
Ginfung, 20
Ginfung, 21
Ginfung, 21
Ginfung, 22
Ginfung, 23
Ginfung, 23
Ginfung, 24
Ginfung, 24
Ginfung, 24
Ginfung, 24
Ginfung, 25
Ginfung, 25
Ginfung, 27
Ginfung, 27
Ginfung, 28
Ginfung, 29
Ginfung, 29
Ginfung, 31
Ginfung, 34
Ginfung, 55
Ginfung, 70
Ginfung, 70
